<?xml version="1.0" encoding="UTF-8" ?><xml><records><record><database name="all_refs-Converted.enl" path="E:\F\Work\endnotework\Myref\all_refs\all_refs\all_refs-Converted.enl">all_refs-Converted.enl</database><source-app name="EndNote" version="19.3">EndNote</source-app><rec-number>1280</rec-number><foreign-keys><key app="EN" db-id="xea9rz0wossvvkepsdwvzpwqxd0vtvw0aat0">1280</key></foreign-keys><ref-type name="Journal Article">17</ref-type><contributors><authors><author><style face="normal" font="default" size="100%">Zhao, Dong</style></author><author><style face="normal" font="default" size="100%">Ye, Tong</style></author><author><style face="normal" font="default" size="100%">Gao, Fangluan</style></author><author><style face="normal" font="default" size="100%">Jakovlić, Ivan</style></author><author><style face="normal" font="default" size="100%">La, Qiong</style></author><author><style face="normal" font="default" size="100%">Tong, Yindong</style></author><author><style face="normal" font="default" size="100%">Liu, Xiang</style></author><author><style face="normal" font="default" size="100%">Song, Rui</style></author><author><style face="normal" font="default" size="100%">Liu, Fei</style></author><author><style face="normal" font="default" size="100%">Lian, Zhong‐min</style></author><author><style face="normal" font="default" size="100%">Zou, Hong</style></author><author><style face="normal" font="default" size="100%">Li, Wen‐Xiang</style></author><author><style face="normal" font="default" size="100%">Wang, Gui‐Tang</style></author><author><style face="normal" font="default" size="100%">Zeng, Benhe</style></author><author><style face="normal" font="default" size="100%">Zhang, Dong</style></author></authors></contributors><titles><title><style face="normal" font="default" size="100%">PhyloSuite v2: The development of an all‐in‐one, efficient and visualization‐oriented suite for molecular dating analysis and other advanced features</style></title><secondary-title><style face="normal" font="default" size="100%">iMeta</style></secondary-title></titles><periodical><full-title><style face="normal" font="default" size="100%">iMeta</style></full-title></periodical><pages><style face="normal" font="default" size="100%">e70095</style></pages><dates><year><style face="normal" font="default" size="100%">2025</style></year></dates><isbn><style face="normal" font="default" size="100%">2770-5986&#xD;2770-596X</style></isbn><urls><pdf-urls><url>internal-pdf://3347548590/PhyloSuite_v2_The_development_of_an_all-in-one.pdf</url></pdf-urls></urls><electronic-resource-num><style face="normal" font="default" size="100%">10.1002/imt2.70095</style></electronic-resource-num></record></records></xml>